data_time,dech01_tchout_pre,dech02_tchout_pre,dech03_tchout_pre,dech01_tchout_acl,dech02_tchout_acl,dech03_tchout_acl,dech01_tchin,dech02_tchin,dech03_tchin,dech01_flow,dech02_flow,dech03_flow,dech01_CL_pre,dech02_CL_pre,dech03_CL_pre,dech01_CL_acl,dech02_CL_acl,dech03_CL_acl,total_CL_pre,total_CL_acl,power_active_sum_acl,power_active_sum_simu,power_active_sum_pre,delta_decvpp_temp,dech01_CL_acl_ratio,dech02_CL_acl_ratio,dech03_CL_acl_ratio,dech01_CL_pre_ratio,dech02_CL_pre_ratio,dech03_CL_pre_ratio,EER
2023-06-28 00:00:00,6.527701377868652,6.598726272583008,7.8286919593811035,6.03,11.86,8.2275,11.185,15.09,11.19,408.7555,0.0,512.45975,2213.9989445296037,0.0,2003.308295910023,2450.5975427075,0.0,1765.6224169031254,4217.307240439626,4216.219959610626,807.91305,796.7782822409627,771.2734572695127,-0.0010148477591513938,0.6334421233767157,0.0,0.4563864907858261,0.5722849909606854,0.0,0.5178246687285194,0.04598467798022471
2023-06-28 01:00:00,6.5338358879089355,6.104832649230957,7.8280816078186035,6.036,11.878,8.226,11.184,15.09,11.188,416.1828,0.0,520.7626,2250.775206892193,0.0,2034.9241712453374,2491.7380302672,0.0,1793.9261290555999,4285.69937813753,4285.6641593228,814.41524,808.8987354766097,782.8017694596331,-3.232069849268271e-05,0.6440763125254478,0.0,0.4637025690944245,0.5817910943966172,0.0,0.52599689075021,0.03908211146076282
2023-06-28 02:00:00,6.46478271484375,6.104706764221191,7.829006671905518,5.966,11.89,8.228,11.158,15.09,11.158,424.7152,0.0,532.9032,2318.1854749276945,0.0,2063.1982824833917,2564.556093299199,0.0,1815.9156152879996,4381.383757411086,4380.471708587198,829.02818,827.9775931839787,800.7609850991485,-0.0008189283213368981,0.6628986722411143,0.0,0.46938651621681693,0.5992156215079212,0.0,0.5333053176734799,0.034140048152934165
2023-06-28 03:00:00,6.420880317687988,6.117339134216309,7.7804741859436035,5.955,11.9225,8.1525,11.0775,15.09,11.0875,416.4085,0.0,522.56425,2255.1221477500912,0.0,2009.819218926263,2480.7401054737497,0.0,1783.7234237712503,4264.941366676354,4264.463529245,800.09685,793.5240964712671,769.4578556664178,-0.0004375699241983,0.6412335165491637,0.0,0.4610653252439451,0.5829147123711044,0.0,0.5195076431168772,0.038611296707725916
2023-06-28 04:00:00,6.511691570281982,6.078019142150879,7.8241167068481445,6.014,11.864,8.22,11.186,15.08,11.186,418.5218,0.0,526.1524,2275.1768741357614,0.0,2057.1876262152673,2517.4236937847995,0.0,1814.9406053991995,4332.364500351028,4332.364299183999,812.7472,807.6787238348152,782.1175148360996,-1.8310282001721134e-07,0.6507156651549099,0.0,0.46913449101744764,0.5880985535543624,0.0,0.531751654616607,0.03792310514070778
2023-06-28 05:00:00,6.463113784790039,6.105016708374023,7.7586517333984375,5.963333333333333,11.876666666666667,8.156666666666666,11.143333333333333,15.09,11.143333333333333,411.83616666666666,0.0,517.1478333333333,2241.6635175494334,0.0,2035.6928191460447,2481.0410922966666,0.0,1796.3095514311108,4277.356336695479,4277.350643727777,797.73995,793.958965420647,768.4478829394475,-5.269273863461876e-06,0.6413113170565479,0.0,0.46431864746067436,0.5794358615424906,0.0,0.5261955745201347,0.036893678812523166
2023-06-28 06:00:00,6.486149787902832,6.0001220703125,7.776788234710693,5.996,11.84,8.168,11.144,15.09,11.148,407.5618,0.0,511.1186,2207.7947926740544,0.0,2003.952550936045,2440.1230342631993,0.0,1771.4041767640003,4211.747343610099,4211.5272110272,802.6657399999999,796.371387044604,770.7337852667217,-0.0002060346023524673,0.6307346225510376,0.0,0.45788098760927454,0.5706813122428863,0.0,0.5179911988357964,0.040096813186345316
2023-06-28 07:00:00,6.505423545837402,6.000000953674316,7.8192291259765625,6.011666666666667,11.79,8.213333333333333,11.176666666666666,15.09,11.176666666666666,404.1718333333333,0.0,506.69966666666664,2195.7264341541645,0.0,1978.5101174054864,2427.8177647908333,0.0,1746.267774214444,4174.236551559651,4174.0855390052775,792.7799333333332,790.0267207402345,764.7388277381251,-0.00014255295530229972,0.6275538978961495,0.0,0.4513836105705907,0.5675618254592407,0.0,0.5114147174517245,0.035493869838901584
2023-06-28 08:00:00,6.50567626953125,6.0,7.8242692947387695,6.006666666666667,11.795,8.225,11.2,15.08,11.201666666666666,410.7191666666667,0.0,515.3588333333333,2242.320673736277,0.0,2024.2847350956986,2480.680789727777,0.0,1784.101848626111,4266.605408831976,4264.782638353889,805.5681333333334,804.3304842592675,778.4827200055404,-0.001692406575974914,0.641218184332664,0.0,0.46116314230261096,0.5796057264032561,0.0,0.5232467586258172,0.03367448313579316
2023-06-28 09:00:00,6.376741886138916,6.6241455078125,7.780545711517334,5.96,11.828333333333333,8.113333333333333,11.171666666666667,15.08,11.171666666666667,407.8305,0.0,510.82966666666664,2274.265771729941,0.0,2014.6476726499627,2471.9293119675,0.0,1816.9402429694446,4288.913444379904,4288.869554936944,764.7181333333333,764.1964501321088,744.8718718023072,-4.107953022547406e-05,0.6389560606838214,0.0,0.4696513668595251,0.5878630474655417,0.0,0.5207557248300366,0.025970104320159105
2023-06-28 10:00:00,6.471651554107666,6.0,7.8302178382873535,5.971666666666667,11.821666666666667,8.231666666666667,11.263333333333334,15.07,11.276666666666667,391.10083333333336,0.0,489.7801666666667,2179.4977470418075,0.0,1963.1466534679548,2406.9160076736116,0.0,1734.4756465225,4142.644400509762,4141.391654196112,719.0837166666666,727.4557748643463,707.2495346055116,-0.0012228302568795257,0.6221511121755658,0.0,0.448335525246853,0.5633669571281845,0.0,0.5074434961273696,0.01626790585772977
2023-06-28 11:00:00,6.559999942779541,6.137235641479492,7.906988620758057,6.06,11.826666666666666,8.306666666666667,11.37,15.07,11.376666666666667,392.413,0.0,491.474,2195.1701205040617,0.0,1983.2133652482748,2423.3582538899996,0.0,1754.76368434,4178.383485752336,4178.12193823,744.2978666666667,744.5157589996793,723.6988257935898,-0.00025443341619357795,0.6264011822808695,0.0,0.4535796738801148,0.5674180268576168,0.0,0.5126304353525151,0.027667702965419382
2023-06-28 12:00:00,6.523381233215332,6.248082160949707,7.841826438903809,6.032,11.828,8.234,11.264,15.06,11.272,399.627,0.0,500.739,2203.279374627815,0.0,1997.5940124557344,2431.6567636319996,0.0,1769.2080303660002,4200.8733870835495,4200.864793998,743.3632600000001,742.7978096441864,722.1730122062286,-8.206355639472918e-06,0.6285462205991676,0.0,0.4573133172295604,0.569514145482414,0.0,0.5163476135279899,0.028527612115498858
2023-06-28 13:00:00,6.4903411865234375,6.132843017578125,7.906683444976807,6.0375,11.84,8.2675,11.2725,15.06,11.2775,402.984,0.0,505.81925,2241.2562457183158,0.0,1982.9427977345704,2453.4895021200005,0.0,1770.6860411274997,4224.199043452886,4224.1755432475,773.092625,771.9189757335519,750.8968710596453,-2.223422886515891e-05,0.6341896508181044,0.0,0.4576953604899578,0.5793305879800232,0.0,0.5125604977730428,0.02875399444515817
2023-06-28 14:00:00,6.528817176818848,6.031243324279785,7.828973293304443,6.03,11.834,8.226,11.226,15.058,11.228,414.1688,0.0,520.4162,2262.5311046985307,0.0,2057.24065806773,2502.8005216224005,0.0,1816.9426098811991,4319.7717627662605,4319.743131503599,790.77376,786.904634126411,763.1236030613134,-2.6341589653533504e-05,0.6469357979741,0.0,0.4696519786701474,0.584829814846985,0.0,0.5317653625423863,0.03513787534036159
2023-06-28 15:00:00,6.480737686157227,6.216094017028809,7.9924163818359375,6.02,11.885,8.36,11.275,15.06,11.2825,406.858,0.0,509.9755,2268.5291646525707,0.0,1951.3535504440767,2486.53911277,0.0,1733.3391527462506,4219.882715096647,4219.87826551625,749.61265,759.4097535230057,739.0364362883041,-4.1730046609345095e-06,0.6427324715718459,0.0,0.4480417589232173,0.5863802219486057,0.0,0.5043951586951888,0.01392688685209982
2023-06-28 16:00:00,6.380642414093018,6.784784317016602,7.7801690101623535,5.943333333333333,11.77,8.13,11.16,15.06,11.163333333333334,398.0686666666667,0.0,498.74533333333335,2212.622039529681,0.0,1962.3734172286122,2415.075966188889,0.0,1759.4571620888887,4174.995456758294,4174.533128277778,723.9438,727.6136575260325,709.4422174954022,-0.00044327021843315606,0.624260337112955,0.0,0.4547928663605058,0.5719290819990387,0.0,0.5072436263418234,0.019930333020279963
2023-06-28 17:00:00,6.454494953155518,6.411834716796875,7.900732517242432,6.013333333333334,11.816666666666666,8.253333333333334,11.266666666666667,15.06,11.27,406.5183333333333,0.0,509.28633333333335,2275.1024967148924,0.0,1995.6171491298232,2483.6752498222227,0.0,1786.7716837611106,4270.719645844716,4270.446933583333,778.9883,780.1283519536522,759.1476197069087,-0.00025604841847215454,0.6419922066384632,0.0,0.46185325400292365,0.5880793281244068,0.0,0.5158366244810462,0.02543258457842848
2023-06-28 18:00:00,6.462496280670166,6.636449813842773,7.759743690490723,5.9625,11.885,8.1625,11.2075,15.06,11.21,404.40025,0.0,506.01,2231.6582428746246,0.0,2030.4400589882805,2466.81523898375,0.0,1793.4221474250007,4262.098301862905,4260.237386408751,750.2614,753.0196192451576,731.1447605984146,-0.001757558499264178,0.6376341507441131,0.0,0.46357229752242374,0.5768496504961937,0.0,0.5248378160592139,0.0253866418789305
2023-06-28 19:00:00,6.5428361892700195,6.115383148193359,7.8582892417907715,6.053333333333334,11.783333333333333,8.25,11.273333333333333,15.06,11.286666666666667,403.26033333333334,0.0,504.8163333333333,2218.564217536372,0.0,2012.805171016731,2448.1370272199997,0.0,1782.8312381744445,4231.369388553103,4230.968265394444,760.8811666666667,762.7362470578677,740.9175607638537,-0.0003798179673761837,0.6328061176157365,0.0,0.4608347088620065,0.5734650444687808,0.0,0.5202794662332906,0.026173668787630604
2023-06-28 20:00:00,6.52295446395874,6.105071067810059,7.780185699462891,6.023333333333333,11.77,8.18,11.216666666666667,15.06,11.216666666666667,414.49733333333336,0.0,518.2143333333333,2262.652775663981,0.0,2071.109585461641,2503.5003370755558,0.0,1830.1481955544446,4333.762361125622,4333.648532630001,773.6844666666666,773.010549364059,750.1553418526565,-0.00010493584700643765,0.647116689605179,0.0,0.4730654213442357,0.5848612649375711,0.0,0.53535026894348,0.030438297166018008
2023-06-28 21:00:00,6.328216552734375,6.0,7.9010162353515625,5.95,11.823333333333334,8.203333333333333,11.18,15.06,11.18,406.75933333333336,0.0,509.17466666666667,2295.190037166925,0.0,1941.7162662256353,2474.109577406666,0.0,1762.6931087955556,4236.90630339256,4236.802686202222,783.4336000000001,787.8225034729559,768.5098556510438,-9.727201592646395e-05,0.639519626077666,0.0,0.45562930927586937,0.5932716512438093,0.0,0.5019040675745432,0.01894302877001854
2023-06-28 22:00:00,6.531659126281738,6.102387428283691,7.8143510818481445,6.0325,11.91,8.225,11.2575,15.06,11.2625,405.0505,0.0,506.61425,2226.219494857682,0.0,2031.623042681237,2461.3602470875003,0.0,1789.671832228125,4257.842537538919,4251.032079315625,755.0486000000001,755.0172231768311,733.7322637332428,-0.006423348059505507,0.6362241184603357,0.0,0.462602898190122,0.5754438170076982,0.0,0.52514359931792,0.028232913915613844
2023-06-28 23:00:00,6.4917168617248535,6.0,7.7877197265625,6.0025,11.9175,8.1775,11.1775,15.06,11.175,411.4615,0.0,516.42975,2242.2865142255514,0.0,2034.4269504722356,2476.3913242874996,0.0,1800.3218782518754,4276.713464697787,4276.713202539375,767.9518499999999,765.4975046766107,743.1829432001169,-2.4293327527402653e-07,0.64010942287784,0.0,0.46535577280530294,0.5795968966902452,0.0,0.5258683667568526,0.03235661337700476
2023-06-29 00:00:00,6.47332763671875,6.364378929138184,7.7624735832214355,5.973333333333334,11.923333333333334,8.163333333333334,11.19,15.08,11.196666666666667,406.4,0.0,509.048,2229.3031191328123,0.0,2033.1206874225136,2465.622026666666,0.0,1795.802566133333,4262.423806555325,4261.424592799999,755.1685333333334,758.6655902734931,736.3258735333675,-0.0009385231920653325,0.6373257235419304,0.0,0.46418759948647687,0.5762408868955495,0.0,0.5255307176629136,0.024836581547310246
2023-06-29 01:00:00,6.42572021484375,6.117339134216309,7.7862725257873535,5.9525,11.905,8.1675,11.1275,15.09,11.13,408.42275,0.0,511.14025,2233.324983996836,0.0,1987.699229728371,2458.10253144375,0.0,1761.076228096875,4221.024213725207,4219.178759540625,782.8639000000001,788.2712783846697,764.0337491203125,-0.0017256076786971164,0.6353820486064441,0.0,0.4552113702527658,0.577280477679023,0.0,0.5137899629664671,0.023887906861549575
2023-06-29 02:00:00,6.4805779457092285,6.0,7.901493072509766,6.025,11.77,8.265,11.31,15.09,11.325,383.383,0.0,481.984,2153.315800856905,0.0,1919.0378796985835,2356.4463572649997,0.0,1715.2750195199992,4072.3536805554886,4071.721376784999,672.4114500000001,678.1619854598043,663.250429814372,-0.0006282691385415262,0.6091054765851578,0.0,0.44337245573965395,0.5565993229914196,0.0,0.49604205022322323,0.013508601753041038
2023-06-29 03:00:00,6.482943058013916,6.137971878051758,7.8047356605529785,5.985,11.81,8.2025,11.335,15.085,11.33,383.54675,0.0,480.357,2164.3321502726344,0.0,1969.4072228792645,2386.4470558375,0.0,1747.1941098524997,4133.739373151899,4133.64116569,675.963225,681.7847252716836,665.41595672945,-9.774609434742842e-05,0.6168602000252024,0.0,0.45162305421782506,0.5594468814518144,0.0,0.5090617579236603,0.015470085907757692
2023-06-29 04:00:00,6.423221588134766,6.799648284912109,8.470693588256836,5.926666666666667,11.893333333333333,8.866666666666667,11.466666666666667,15.09,11.48,361.9886666666667,0.0,454.09633333333335,2123.25416276397,0.0,1589.2569536632584,2332.300219106667,0.0,1380.1380132088889,3712.5111164272284,3712.438232315556,620.6672666666667,653.8983158976971,637.1643576600711,-7.67923140454485e-05,0.6028640678022765,0.0,0.3567446463175974,0.5488288476139194,0.0,0.41079870593823725,0.02522883236173588
2023-06-29 05:00:00,6.4736328125,6.367331504821777,7.7852067947387695,5.975,11.97,8.185,11.495,15.085,11.495,356.692,0.0,446.5005,2083.027790133281,0.0,1926.4217179761974,2289.87703392,0.0,1718.8170697649994,4009.4495081094783,4008.6941036849994,667.5722000000001,683.4866770870228,666.4093589699769,-0.0008086864475114197,0.5918983208623052,0.0,0.44428802175536986,0.5384309432453489,0.0,0.4979506599054456,0.0017013367911999817
2023-06-29 06:00:00,6.5069708824157715,6.087779998779297,7.7862701416015625,6.01,11.903333333333332,8.186666666666667,11.506666666666666,15.09,11.513333333333334,355.963,0.0,445.6003333333333,2069.798904252537,0.0,1931.4878384862564,2275.537379603333,0.0,1723.9890709711108,4001.2867427387932,3999.526450574444,670.2487,684.0931705564026,667.1756113921494,-0.001888283500766974,0.5881917387244638,0.0,0.4456249052578672,0.5350114778226631,0.0,0.49926017486138924,0.004492207699356304
2023-06-29 07:00:00,6.471591949462891,6.219631195068359,7.7807769775390625,5.976666666666667,11.92,8.176666666666666,11.48,15.09,11.48,356.92066666666665,0.0,446.3593333333333,2078.9838478112397,0.0,1920.3255058685706,2284.426706784445,0.0,1714.8128717488894,3999.3093536798106,3999.239578533334,665.6230333333333,682.2954557519142,665.2725763511437,-7.468856030445892e-05,0.5904894943480872,0.0,0.4432529975828804,0.537385645775387,0.0,0.49637488196773355,0.0005136440221536903
2023-06-29 08:00:00,6.493481159210205,6.105013847351074,7.859085559844971,6.032,11.884,8.23,11.49,15.09,11.49,358.0958,0.0,446.9116,2080.8772945834485,0.0,1887.197520364573,2273.0682372532,0.0,1694.4117020079998,3968.0748149480214,3967.4799392612,665.57024,680.6066212729143,664.7851378687242,-0.0006353991534533421,0.5875535030509474,0.0,0.43797960607129005,0.5378750729142732,0.0,0.48781180250848427,0.0011535329024679284
2023-06-29 09:00:00,6.515632629394531,6.0,7.819238662719727,6.02,11.85,8.22,11.485,15.1,11.485,357.90475,0.0,446.893,2068.4654968235645,0.0,1905.2301835532874,2274.7692205262497,0.0,1696.9398651349993,3973.6956803768517,3971.709085661249,658.812625,671.9856767995326,655.906416575378,-0.002122476095269832,0.5879931813079975,0.0,0.43863309771628695,0.5346668123203052,0.0,0.4924729711668745,0.004324807097769465
2023-06-29 10:00:00,6.5022430419921875,6.0,7.7942070960998535,6.003333333333333,11.886666666666667,8.193333333333333,11.57,15.1,11.57,359.066,0.0,449.1666666666667,2116.26367272513,0.0,1972.4018436334452,2324.605252866667,0.0,1763.9059472222225,4088.6655163585756,4088.5112000888894,686.9442333333334,700.8373371658712,682.9981744020076,-0.00016417068196261653,0.6008750362826446,0.0,0.45594280952832283,0.5470219124577068,0.0,0.509835821757553,0.005630491873168874
2023-06-29 11:00:00,6.492877960205078,6.104584693908691,7.792428493499756,5.993333333333333,11.856666666666667,8.193333333333333,11.6,15.1,11.6,361.328,0.0,452.36566666666664,2146.137621755407,0.0,2003.168206454782,2356.0584948266664,0.0,1792.251660935555,4149.305828210189,4148.310155762221,705.2141333333334,720.0094714104541,701.0134511049782,-0.0010521455898802046,0.609005220054971,0.0,0.4632697446003968,0.5547438730724551,0.0,0.5177884577389774,0.005834204125296137
2023-06-29 12:00:00,6.467240810394287,6.000063896179199,7.780350208282471,5.9675,11.7975,8.185,11.5775,15.1,11.575,362.38275,0.0,453.55475,2153.7245522118506,0.0,2001.617711952055,2364.3408855825,0.0,1788.1713507074992,4155.342264163905,4152.512236289999,711.576225,726.7746032013733,707.1533732189066,-0.0029823190649853615,0.6111460918609611,0.0,0.46221504658089263,0.556704978988252,0.0,0.5173876785359566,0.006085589344497139
2023-06-29 13:00:00,6.538156032562256,6.117341041564941,7.8586039543151855,6.052,11.828,8.248,11.568,15.1,11.57,362.6258,0.0,453.0906,2121.2552369557534,0.0,1955.6992429488046,2326.2836705864,0.0,1750.5091898316005,4076.954479904558,4076.7928604180006,715.05424,727.4402828477423,707.9185279964264,-0.00017036281757487615,0.601308881688009,0.0,0.45247995187830553,0.5483121557514807,0.0,0.5055184539894033,0.009809344040777011
2023-06-29 14:00:00,6.461885929107666,6.0,7.758971214294434,5.962,11.848,8.174,11.53,15.108,11.53,359.7558,0.0,449.9534,2120.4786314917437,0.0,1973.3635410771433,2329.6289023871996,0.0,1756.1807188951998,4093.842172568887,4085.8096212823993,709.36942,722.9897178276589,703.348536021339,-0.00852991529702063,0.6021735731349548,0.0,0.4539459557203194,0.5481114150726972,0.0,0.5100844058927142,0.008327758791303059
2023-06-29 15:00:00,6.517005920410156,7.0,7.8180084228515625,6.036666666666667,11.896666666666667,8.203333333333333,11.543333333333333,15.11,11.543333333333333,360.69233333333335,0.0,450.913,2108.46987797888,0.0,1953.6044126717575,2309.965078057777,0.0,1751.53547546,4062.0742906506375,4061.500553517777,708.8738000000001,722.4327916549788,703.259877056438,-0.0006078387061716484,0.5970907741767977,0.0,0.45274523107503817,0.545007335275126,0.0,0.5049769722831332,0.0077708584222782795
2023-06-29 16:00:00,6.486760139465332,6.160549163818359,7.785087585449219,5.9875,11.87,8.185,11.555,15.11,11.555,361.1295,0.0,452.24175,2128.628347769492,0.0,1982.8124090987876,2338.3144153237504,0.0,1772.4756131924994,4111.44075686828,4110.79002851625,705.194525,720.1954055264326,700.7781081828837,-0.000687909325692182,0.6044186458820148,0.0,0.4581579375998396,0.550217992547753,0.0,0.5125267942975128,0.006132247974961896
2023-06-29 17:00:00,6.542840957641602,6.615751266479492,7.8387579917907715,6.043333333333333,11.886666666666667,8.24,11.556666666666667,15.12,11.556666666666667,360.605,0.0,451.13433333333336,2102.71635083087,0.0,1950.6722804181534,2312.201664033333,0.0,1740.152945061111,4053.388631249023,4052.354609094444,711.0132333333333,724.5068948204103,704.5556993851606,-0.00109530113745393,0.5976688975711049,0.0,0.44980302041024406,0.5435201361777522,0.0,0.50421906077446,0.008913005513596223
2023-06-29 18:00:00,6.380795001983643,6.246827125549316,7.7801642417907715,5.9475,11.84,8.1425,11.4875,15.12,11.4875,359.00375,0.0,449.7255,2132.158422273969,0.0,1939.0506262156741,2313.068341325001,0.0,1749.5378804925003,4071.209048489643,4062.606221817501,694.435875,710.7058642276485,694.3383691169406,-0.009146570944650989,0.5978929204448525,0.0,0.4522288832146458,0.5511304630170262,0.0,0.5012150402501291,0.00013719583299817204
2023-06-29 19:00:00,6.503263473510742,6.015625,7.809520721435547,6.003333333333333,11.826666666666666,8.21,11.57,15.12,11.57,358.988,0.0,448.5833333333333,2115.377922955252,0.0,1961.851127451998,2324.100278266667,0.0,1752.9201199999995,4077.22905040725,4077.0203982666662,703.8960666666667,718.9967713937561,699.4470790460267,-0.000222158142516804,0.6007445080431842,0.0,0.4531031405898621,0.5467929596389619,0.0,0.5071086223930514,0.006187771347033623
2023-06-29 20:00:00,6.466747283935547,6.096467971801758,7.7804741859436035,5.9825,11.86,8.1675,11.5,15.12,11.4975,358.365,0.0,448.545,2097.751491956005,0.0,1939.0156387997727,2299.5753461625,0.0,1737.12059055,4036.7671307557775,4036.6959367125,692.133225,708.9463847881163,690.2887673761777,-7.586454296504286e-05,0.5944051867972445,0.0,0.4490192029751597,0.5422367958115142,0.0,0.5012059965362454,0.002601688454019822
2023-06-29 21:00:00,6.487372875213623,6.007813453674316,7.789095401763916,5.9875,11.8525,8.1925,11.4,15.12,11.4,354.3585,0.0,442.295,2024.5866611753875,0.0,1857.409912308952,2230.5937383937503,0.0,1649.9029901374997,3881.9965734843395,3880.49672853125,683.250475,697.3354647643602,677.9053905681703,-0.0016188148617208853,0.5765744923084629,0.0,0.42647478226212937,0.5233248019167647,0.0,0.4801121597200486,0.007665011607628332
2023-06-29 22:00:00,6.510716438293457,6.091673851013184,7.804635524749756,6.014,11.84,8.208,11.364,15.12,11.366,353.7316,0.0,442.2046,1996.5916003405473,0.0,1831.5525890090998,2200.9357017800003,0.0,1624.1087134683996,3828.144189349647,3825.0444152483997,670.98168,687.3441565009181,668.6767822996737,-0.0033486678560388228,0.5689083417633831,0.0,0.41980735478801656,0.5160885052706458,0.0,0.4734284356525706,0.0033533386128716904
2023-06-29 23:00:00,6.464498996734619,6.10066032409668,7.753842830657959,5.9675,11.89,8.1525,11.1925,15.13,11.195,374.3485,0.0,467.804,2058.417057192946,0.0,1872.1823838637263,2274.7941712375,0.0,1655.2905382099998,3930.599441056672,3930.0847094475,652.6490249999999,672.7154045477826,655.4124990902294,-0.0005255455725352576,0.5879996306866648,0.0,0.4278673813451547,0.532069443790665,0.0,0.4839306185188116,0.004107939362689557
2023-06-30 00:00:00,6.2683258056640625,6.0,7.9057512283325195,5.9375,11.86,8.17,11.33,15.125,11.33,351.56025,0.0,440.2675,2069.5392467435154,0.0,1753.3218737911704,2204.802197769375,0.0,1618.0182839,3822.861120534686,3822.820481669375,634.546525,652.7811455411098,641.7808415870062,-4.41297168523036e-05,0.5699077720602206,0.0,0.4182330715485822,0.5349443603131583,0.0,0.4532069878230854,0.011082300149783704
2023-06-30 01:00:00,6.464785099029541,6.0,7.8048906326293945,5.97,11.87,8.2,11.363333333333333,15.12,11.37,352.05733333333336,0.0,441.17033333333336,2005.674710631215,0.0,1829.1902275122254,2208.2608469422225,0.0,1626.4670796033333,3834.8649381434407,3834.727926545556,646.8617333333334,663.7129746783211,647.0333195559044,-0.00014851822944805804,0.5708017801696236,0.0,0.42041695649787614,0.5184363508752851,0.0,0.4728178012025294,0.0002585247375255614
2023-06-30 02:00:00,6.494251251220703,6.102749824523926,7.802830696105957,5.996,11.868,8.204,11.462,15.12,11.462,353.1456,0.0,440.6406,2040.2958063804308,0.0,1875.1962624532741,2244.9317470847996,0.0,1669.6110279923996,3915.492068833705,3914.542775077199,665.5252800000001,679.5887036364882,662.1441638214974,-0.001028294150701825,0.5802806490771576,0.0,0.43156900974291096,0.527385376581392,0.0,0.484709660209702,0.004975238935565412
2023-06-30 03:00:00,6.475947856903076,6.104462623596191,7.7635369300842285,5.976,11.884,8.164,11.486,15.12,11.486,354.6414,0.0,443.539,2066.385726795339,0.0,1920.179927820853,2272.588194582,0.0,1713.6067169540004,3986.5656546161918,3986.1949115360003,673.85912,688.9926138483335,671.1267598361544,-0.00039938548762386006,0.5874294193351772,0.0,0.44294122494739846,0.5341292234588723,0.0,0.49633725226066977,0.003965732155797863
2023-06-30 04:00:00,6.499670505523682,6.016633033752441,7.8241167068481445,6.0025,11.89,8.2225,11.4425,15.12,11.44,354.84025,0.0,443.20525,2039.802974652309,0.0,1863.7987477148781,2244.9749064800003,0.0,1658.4529932506248,3903.601722367187,3903.427899730625,678.505525,695.0046000586624,676.1459494946191,-0.00018728326209682677,0.5802918051231681,0.0,0.42868482778468864,0.5272579870892831,0.0,0.4817635763214719,0.0033950501984904204
2023-06-30 05:00:00,6.482490062713623,6.0,7.785373687744141,5.983333333333333,11.83,8.19,11.346666666666668,15.126666666666667,11.353333333333333,354.03866666666664,0.0,441.717,2002.8099749797718,0.0,1832.921064986349,2208.3362455244446,0.0,1625.0577019300001,3835.731039966121,3833.393947454445,642.4800666666667,656.6918216180395,640.5513079752758,-0.0025253201798083325,0.5708212695542287,0.0,0.4200526538449609,0.5176958603613028,0.0,0.4737821658402949,0.0029370834657855742
2023-06-30 06:00:00,6.482485294342041,6.104704856872559,7.780655384063721,5.99,11.8175,8.175,11.255,15.12,11.2625,351.534,0.0,439.93375,1951.1664776185837,0.0,1781.4612550915601,2152.51123113,0.0,1579.6976119843741,3732.627732710144,3732.208843114374,607.440325,620.5321006723482,606.8121150464275,-0.00045507883286699524,0.5563913539767881,0.0,0.408327761776404,0.5043468032203541,0.0,0.46048058911044026,0.0010123730148559106
2023-06-30 07:00:00,6.521605014801025,6.00390625,7.8283843994140625,6.0216666666666665,11.858333333333333,8.23,11.303333333333333,15.115,11.306666666666667,352.13783333333333,0.0,440.09683333333334,1958.291323973897,0.0,1780.2983160923075,2163.034225380278,0.0,1574.738352149444,3738.5896400662045,3737.7725775297217,621.1532,635.4347885415082,620.4188639382612,-0.0008867919474067065,0.5591113876445002,0.0,0.4070458686766728,0.506188467437097,0.0,0.460179987099622,0.0011556434664590138
2023-06-30 08:00:00,6.462439060211182,6.229066848754883,7.7801690101623535,5.965,11.82,8.178333333333333,11.35,15.11,11.358333333333333,352.36783333333335,0.0,440.5928333333333,2002.9409977960129,0.0,1833.485267114489,2206.7934100475,0.0,1629.4620992299997,3836.426264910502,3836.2555092774996,633.89285,649.7496373564317,634.1254418483454,-0.00018515851080547208,0.5704224700926668,0.0,0.4211911234342285,0.5177297277628178,0.0,0.4739280034932895,0.0003579714938999988
2023-06-30 09:00:00,6.3516435623168945,6.0,7.818933486938477,5.95,11.868333333333334,8.14,11.393333333333333,15.105,11.39,352.3775,0.0,441.0575,2066.160257364019,0.0,1831.7781125639283,2230.759826908333,0.0,1667.087085625,3897.938369927947,3897.846912533333,648.1910833333334,665.448921829307,651.8662392059475,-9.91123460805099e-05,0.5766174236586794,0.0,0.4309166090999561,0.5340709430465063,0.0,0.4734867300550387,0.005522821890688777
2023-06-30 10:00:00,6.49424409866333,6.117340087890625,7.905612945556641,6.036666666666667,11.868333333333334,8.271666666666667,11.436666666666667,15.1,11.445,352.3016666666667,0.0,440.872,2025.0431724953216,0.0,1814.7645633296008,2212.524927,0.0,1627.0763249066672,3839.8077358249225,3839.601251906667,641.0074,650.9372024420602,636.768779278902,-0.00022384027509225746,0.5719039798898855,0.0,0.42057443712530496,0.5234428031367958,0.0,0.4690889868249285,0.0065115662543119715
2023-06-30 11:00:00,6.5429768562316895,6.109519958496094,7.827640533447266,6.045,11.915,8.241666666666667,11.386666666666667,15.11,11.386666666666667,366.6413333333333,0.0,457.8238333333333,2065.368083478167,0.0,1895.0003261647914,2277.7073424777777,0.0,1674.5524766341664,3960.368409642959,3952.259819111944,660.4109333333333,670.8161778104625,654.9670882604635,-0.008456552386492788,0.588752641062315,0.0,0.43284629892061066,0.5338661781679033,0.0,0.4898287089112083,0.008115256090928696
2023-06-30 12:00:00,6.544745922088623,6.135955810546875,7.8164825439453125,6.0475,11.89,8.215,11.325,15.11,11.3275,376.22,0.0,470.49475,2091.5708210300845,0.0,1921.1774709099163,2309.13772115,0.0,1703.1145396031256,4012.748291940001,4012.2522607531255,666.36655,678.6082660958646,661.9259049205821,-0.0005037234191380691,0.5968769150231343,0.0,0.4402291569786041,0.5406391865562293,0.0,0.4965951019489535,0.006543753298151804
2023-06-30 13:00:00,6.5353569984436035,6.104705810546875,7.822166442871094,6.036666666666667,11.898333333333333,8.221666666666668,11.346666666666668,15.11,11.346666666666668,375.0876666666667,0.0,468.838,2098.822972546087,0.0,1921.7640365794598,2316.36513813,0.0,1703.93310625,4020.5870091255465,4020.29824438,680.4142833333333,692.258931881923,674.3984267986295,-0.0002942119172795188,0.5987450921834209,0.0,0.4404407439837672,0.5425137572171755,0.0,0.4967467202366324,0.008690182614689405
2023-06-30 14:00:00,6.407257080078125,6.904008865356445,7.7704176902771,5.955,11.86,8.133333333333333,11.28,15.11,11.28,375.52633333333335,0.0,468.7625,2128.10773695928,0.0,1913.3217515877018,2325.6251941749997,0.0,1715.4707446666664,4041.4294885469817,4041.095938841666,656.6282333333334,670.2446809093451,655.3867427000598,-0.0003396955059065121,0.6011386755693127,0.0,0.44342304770767094,0.5500834225862125,0.0,0.49456451820707265,0.0018522946449782602
2023-06-30 15:00:00,6.473330020904541,6.104701042175293,7.7801666259765625,5.995,11.9,8.165,11.2925,15.12,11.2875,380.25225,0.0,476.1405,2131.197764795912,0.0,1942.1907713932019,2342.7312603581254,0.0,1729.0887511837502,4073.388536189114,4071.820011541876,660.28565,674.5814901792808,659.0516867621805,-0.0015748480270385556,0.6055603330209438,0.0,0.44694309488555595,0.5508821476971365,0.0,0.5020267199300028,0.001829227833529252
2023-06-30 16:00:00,6.576651096343994,6.130522727966309,7.9055938720703125,6.076666666666667,11.9,8.306666666666667,11.353333333333333,15.12,11.353333333333333,373.396,0.0,467.6166666666667,2074.3198691746193,0.0,1875.0123652199268,2291.442881613333,0.0,1656.8936652222221,3949.332234394546,3948.336546835555,684.1048333333333,688.2930905318508,670.4856654792447,-0.0010179837117423318,0.5923030686311509,0.0,0.428281765249883,0.5361800783660194,0.0,0.48466212557704835,0.019786872832858033
2023-06-30 17:00:00,6.3609466552734375,6.7808837890625,7.781370639801025,5.943333333333333,11.796666666666667,8.116666666666667,11.196666666666667,15.126666666666667,11.203333333333333,377.1653333333333,0.0,471.348,2121.156099854417,0.0,1875.8437209534497,2304.339378275555,0.0,1692.0419080799998,3996.999820807867,3996.381286355555,664.1719333333333,678.6359360707172,663.8196383787009,-0.000626794979162959,0.595636616505688,0.0,0.4373670504510559,0.5482865303214044,0.0,0.4848770183662341,0.0005191221624250583
2023-06-30 18:00:00,6.366363525390625,6.7828369140625,7.780190467834473,5.928,11.836,8.134,11.234,15.128,11.234,383.6234,0.0,480.8646,2171.715552813309,0.0,1931.5275416442003,2367.2931993452,0.0,1733.6611423799998,4103.243094457509,4100.9543417252,692.17008,708.8434497729595,691.8420337663067,-0.002276460881615705,0.6119092199822163,0.0,0.44812498833716746,0.5613553785026777,0.0,0.4992704375227338,0.0004627908091671634
2023-06-30 19:00:00,6.48128604888916,6.03204345703125,7.78558349609375,6.0,11.866666666666667,8.17,11.27,15.123333333333333,11.27,385.069,0.0,482.12533333333334,2144.5548951080686,0.0,1953.7533197700975,2360.09175169,0.0,1738.2064642666662,4098.308214878166,4098.298215956666,683.7824333333333,694.0685490777132,676.8735034723852,-9.914184866843812e-06,0.6100477554966784,0.0,0.44929988478472516,0.5543347623511952,0.0,0.5050154624990559,0.00995424712750457
2023-06-30 20:00:00,6.477139949798584,6.098489761352539,7.821997165679932,5.98,11.89,8.22,11.2325,15.13,11.24,379.88375,0.0,475.0505,2100.940901851427,0.0,1888.3909601827277,2320.579718565625,0.0,1668.50086913,3989.3318620341547,3989.080587695625,682.236575,696.1990879558189,677.4623490927806,-0.000252717727554419,0.5998344970056156,0.0,0.43128205059322255,0.5430612096702838,0.0,0.4881202885162271,0.006857558405078447
2023-06-30 21:00:00,6.496852397918701,6.0,7.78631067276001,6.0,11.81,8.185,11.245,15.13,11.245,368.677,0.0,461.815,2035.8696620918088,0.0,1857.6303733598077,2248.9057359949998,0.0,1643.4979856999992,3893.5000354516164,3892.403721694999,664.1564000000001,677.0047366398404,659.3528541862644,-0.0011350622906212138,0.581307864656086,0.0,0.4248191862124226,0.526241285726939,0.0,0.4801691455423806,0.007095291293790656
2023-06-30 22:00:00,6.510721206665039,6.057524681091309,7.799707412719727,6.02,11.923333333333334,8.193333333333333,11.283333333333333,15.13,11.29,364.6963333333333,0.0,454.94466666666665,2024.264468330084,0.0,1846.7160673127269,2232.399861725555,0.0,1638.4483379088886,3870.9805356428105,3870.8481996344435,674.1254666666666,681.9167333260863,663.9321243976902,-0.00013882722468583353,0.5770413476686109,0.0,0.4235139292033212,0.5232415199757241,0.0,0.4773479637378776,0.014948074700055818
2023-06-30 23:00:00,6.461716651916504,6.605194091796875,7.7774200439453125,5.973333333333334,11.91,8.17,11.25,15.13,11.256666666666666,366.9236666666667,0.0,456.47433333333333,2043.3148038659313,0.0,1847.0612281742451,2251.7237037322225,0.0,1638.6485186377772,3890.376032040176,3890.3722223699997,641.1417666666666,654.0717729867304,638.4143233371948,-3.978302985707671e-06,0.5820362663768767,0.0,0.42356567287144964,0.5281657414288861,0.0,0.4774371825611304,0.004169945015387742
2023-07-01 00:00:00,6.506398677825928,6.161042213439941,7.7996978759765625,6.006666666666667,11.91,8.203333333333333,11.25,15.14,11.256666666666666,368.76033333333334,0.0,461.40933333333334,2034.380081542104,0.0,1855.0753244722932,2248.6992834655553,0.0,1638.4768469155554,3889.4554060143973,3887.176130381111,664.7169333333334,681.0907562996018,663.0944140563558,-0.0023607514884593783,0.5812544998230815,0.0,0.42352129834713353,0.5258562518525872,0.0,0.4795087043379671,0.002382236525705842
2023-07-01 01:00:00,6.562422275543213,6.101225852966309,7.839075088500977,6.065,11.8775,8.2425,11.2725,15.14,11.275,363.14075,0.0,453.967,1989.219806076589,0.0,1814.043357759129,2199.2974948918754,0.0,1601.0496806825001,3803.263163835718,3800.347175574376,675.129825,683.7467800851109,665.224636969929,-0.0030685042346112468,0.5684848902452698,0.0,0.41384694617894907,0.5141830087824306,0.0,0.4689025661744589,0.014486632066973771
2023-07-01 02:00:00,6.464954376220703,6.102601051330566,7.753864288330078,5.966666666666667,11.883333333333333,8.153333333333332,11.223333333333333,15.14,11.223333333333333,367.1356666666667,0.0,458.54966666666667,2031.7268434717494,0.0,1850.2444655743,2244.485121952222,0.0,1637.2103153633336,3881.971309046049,3881.695437315556,651.8471333333333,666.4734135873273,649.368663792073,-0.00028728497575336576,0.5801652032859157,0.0,0.4231939192398826,0.5251704302405845,0.0,0.4782600009239021,0.0037187823110900026
2023-07-01 03:00:00,6.538592338562012,6.121249198913574,7.9005608558654785,6.085,11.8725,8.2625,11.325,15.14,11.3325,354.24125,0.0,444.1965,1971.9165473759408,0.0,1772.9415790716703,2158.788686449999,0.0,1585.963625565,3744.858126447611,3744.752312014999,674.063725,679.0384617670693,662.1848617056744,-0.00011395257165425221,0.558013980523173,0.0,0.4099474308075064,0.5097103800697756,0.0,0.4582783826793678,0.01749365310385083
2023-07-01 04:00:00,6.484340190887451,6.104554176330566,7.8192267417907715,5.9925,11.8725,8.2125,11.285,15.15,11.2875,354.6865,0.0,443.74275,1980.27408912252,0.0,1789.8815548251464,2183.1583643537506,0.0,1586.9239161187495,3770.1556439476662,3770.0822804725003,665.46835,680.9397260175438,662.3044026940081,-7.900666717919336e-05,0.5643131709240186,0.0,0.41019565128305363,0.5118706772617468,0.0,0.4626571082857669,0.004646442533902577
2023-07-01 05:00:00,6.5313873291015625,6.600799560546875,7.819853782653809,6.033333333333333,11.92,8.22,11.33,15.15,11.326666666666666,354.409,0.0,442.71233333333333,1977.8809755275568,0.0,1805.568332699219,2183.1677095433333,0.0,1599.5432716577773,3783.4493082267754,3782.7109812011104,673.7290666666667,684.9035674959299,665.9531445737881,-0.0007964245128944114,0.5643155865131267,0.0,0.41345756240023196,0.5112520938629402,0.0,0.46671190133616436,0.01135330937362179
2023-07-01 06:00:00,6.513067245483398,6.0975341796875,7.8170952796936035,6.015,11.895,8.215,11.3,15.15,11.305,353.77125,0.0,442.888,1969.5162912609803,0.0,1796.5455825270897,2174.4390684187506,0.0,1591.59331896,3766.06187378807,3766.0323873787506,670.124075,682.7074655820369,663.7698643817416,-3.182508499222081e-05,0.562059365786634,0.0,0.41140262076666584,0.5090899504383851,0.0,0.46437965790241936,0.009307369464373865
2023-07-01 07:00:00,6.479378700256348,6.0,7.9005608558654785,6.0375,11.95,8.255,11.375,15.1575,11.3775,356.21325,0.0,444.1745,2028.138457304909,0.0,1796.0996419342287,2211.1982020406253,0.0,1613.0052610787493,3824.2380992391377,3824.2034631193746,675.321925,688.9970577941582,672.0991806380094,-3.720909308047027e-05,0.5715610417040933,0.0,0.41693728153611015,0.5242428870951248,0.0,0.46426438905426337,0.004677442850493761
2023-07-01 08:00:00,6.3527140617370605,6.0078125,7.819546222686768,5.933333333333334,11.89,8.156666666666666,11.351666666666667,15.16,11.358333333333333,355.58733333333333,0.0,444.76433333333335,2067.3071951248407,0.0,1830.4762753575883,2240.741285392222,0.0,1656.097044466111,3897.783470482429,3896.838329858333,687.5061666666667,701.482925276177,684.6171101753654,-0.0010153969675226193,0.5791974785825269,0.0,0.42807585092307776,0.534367408981012,0.0,0.47315022497417436,0.004118498665044277
2023-07-01 09:00:00,6.526463985443115,6.050293922424316,7.7964982986450195,6.026666666666666,11.828333333333333,8.198333333333334,11.405,15.16,11.411666666666667,359.6021666666667,0.0,450.1528333333333,2040.2882567183717,0.0,1892.6409441082312,2249.3121518369444,0.0,1682.2691544688887,3932.929200826603,3931.581306305833,676.8078333333333,687.158182499936,669.2283451921603,-0.0014312732509722537,0.5814129169583955,0.0,0.434840942556644,0.527383425108789,0.0,0.48921884460108855,0.011030194115710315
2023-07-01 10:00:00,6.3478288650512695,6.118314743041992,7.820163726806641,5.945,11.845,8.1425,11.4,15.16,11.405,358.26675,0.0,448.49125,2105.058997034682,0.0,1869.8338365070333,2272.90337601375,0.0,1701.7047437343745,3974.892833541715,3974.6081197481244,658.61135,674.9763422464284,661.1632344807128,-0.0003034488616453501,0.5875108889326518,0.0,0.43986474622854566,0.5441256745249521,0.0,0.48332355481351186,0.0037807021090839306
2023-07-01 11:00:00,6.471653938293457,6.094512939453125,7.7984771728515625,5.971666666666667,11.873333333333333,8.198333333333334,11.235,15.16,11.238333333333333,358.18783333333334,0.0,448.325,1984.2787399168365,0.0,1793.547795791112,2192.559662710555,0.0,1585.0620039999994,3777.8265357079486,3777.6216667105546,647.1462833333334,665.7384293159527,648.0643275455974,-0.0002184164001670652,0.5667432632953072,0.0,0.40971437537157174,0.5129058184705034,0.0,0.46360477571047437,0.0013789863583619673
2023-07-01 12:00:00,6.613183975219727,6.360231399536133,7.9072747230529785,6.144,11.86,8.282,11.222,15.16,11.22,363.7522,0.0,456.4468,1949.7310842597585,0.0,1758.5523568080598,2148.2164600707997,0.0,1559.6303322392005,3708.2834410678183,3707.84679231,691.86214,688.3816398481849,670.0219449859901,-0.00045775519192492453,0.5552812211003179,0.0,0.40314067574099843,0.5039757759091578,0.0,0.4545589879825419,0.03172687031401138
2023-07-01 13:00:00,6.545966625213623,6.104736328125,7.7807745933532715,6.0475,11.9375,8.1825,11.11,15.16,11.11,368.82925,0.0,460.9805,1957.7348946728087,0.0,1784.865395357412,2171.5513648593746,0.0,1569.49224119125,3742.6002900302205,3741.0436060506245,699.3396250000001,694.7171664966157,674.2047513895313,-0.0016130291203975133,0.5613129384184286,0.0,0.4056898289325226,0.5060446389414555,0.0,0.46136050749797397,0.036180009394645024
2023-07-01 14:00:00,6.6035685539245605,6.861541748046875,7.8634033203125,6.105,11.8775,8.265,11.0575,15.1575,11.0675,371.1305,0.0,464.16525,1922.4271426889757,0.0,1729.6488811765837,2137.6216808537492,0.0,1512.857280564375,3652.0760238655594,3650.4789614181245,697.4014999999999,691.3699856677447,670.8042740995379,-0.001644000372347243,0.5525426321125312,0.0,0.39105055459569754,0.49691812306174576,0.0,0.44708787995362365,0.03847032189974762
2023-07-01 15:00:00,6.462503433227539,6.135955810546875,7.7440056800842285,5.965,11.888333333333334,8.141666666666667,10.958333333333334,15.15,10.966666666666667,384.6565,0.0,481.46166666666664,2011.234275587162,0.0,1804.4965296429898,2233.795177436667,0.0,1581.8302692916661,3815.730805230152,3815.6254467283334,707.2096666666666,713.6377856059121,691.3620517225825,-0.00010459543338203758,0.5774020155185636,0.0,0.40887902119359637,0.5198734137015437,0.0,0.4664348565779176,0.0222068047176465
2023-07-01 16:00:00,6.3748369216918945,6.092437744140625,7.786742210388184,5.921666666666667,11.821666666666667,8.15,11.043333333333333,15.146666666666667,11.048333333333334,394.7676666666667,0.0,493.3566666666667,2143.3757792136566,0.0,1871.4155435304765,2351.4329485538888,0.0,1662.9877399944446,4014.791322744133,4014.4206885483336,754.8237666666666,764.4378805836539,741.2585015921094,-0.00035883269107639393,0.6078095868260369,0.0,0.42985699071896105,0.5540299788594765,0.0,0.48373240197753165,0.017745411915223355
2023-07-01 17:00:00,6.582730770111084,6.117097854614258,7.8724870681762695,6.085,11.806666666666667,8.273333333333333,11.1,15.14,11.096666666666668,389.4035,0.0,487.4128333333333,2045.7640416764993,0.0,1827.6620749396784,2271.1744965575,0.0,1600.4379100538895,3873.4261166161778,3871.6124066113894,785.6266166666667,768.1201909410246,742.4855143254697,-0.0017786049746701948,0.5870639999373174,0.0,0.4136888127934163,0.5287988320822239,0.0,0.4724227970480209,0.056164520670059184
2023-07-01 18:00:00,6.50213098526001,6.108489036560059,7.9007110595703125,6.051666666666667,11.908333333333333,8.26,11.04,15.13,11.05,391.9115,0.0,491.79266666666666,2068.3292699066255,0.0,1801.2511507149516,2273.647786630833,0.0,1595.7540910200005,3869.580420621577,3869.4018776508333,789.8621333333333,775.2406515680614,751.2186748443476,-0.00017372252746117312,0.5877033077340794,0.0,0.4124781169436763,0.5346315997380582,0.0,0.46559597557705473,0.04984704866911005
2023-07-01 19:00:00,6.501561164855957,6.280760765075684,7.8190765380859375,6.01,11.888333333333334,8.211666666666666,11.006666666666666,15.13,11.005,384.0895,0.0,481.0865,2012.413005938673,0.0,1782.5356446724197,2231.991455538333,0.0,1562.880054603334,3794.9486506110925,3794.871510141667,746.2627166666666,745.2636010896747,720.6970884655746,-7.666516929472067e-05,0.5769357808923755,0.0,0.40398067945390803,0.5201780975362972,0.0,0.46075830244589133,0.03430414173416186
2023-07-01 20:00:00,6.378808975219727,6.411739349365234,7.819853782653809,5.951666666666667,11.916666666666666,8.161666666666667,10.988333333333333,15.13,10.99,383.80533333333335,0.0,481.4515,2057.53311811606,0.0,1775.053930765036,2248.1947520977774,0.0,1583.6632939441665,3832.587048881096,3831.858046041944,725.90375,731.3569590668806,710.9193208276329,-0.0007244434117037457,0.5811240861523967,0.0,0.4093528301352306,0.531840959008468,0.0,0.45882439340477066,0.020488530240397682
2023-07-01 21:00:00,6.519754886627197,6.000347137451172,7.819310188293457,6.02,11.88,8.22,10.995,15.125,10.986666666666666,377.6791666666667,0.0,474.04,1965.710560790489,0.0,1746.1906124043462,2185.223332395833,0.0,1525.286905333333,3711.901173194835,3710.510237729166,731.5301,729.4271775495803,705.3751110310823,-0.0014042060684102964,0.5648469336975814,0.0,0.39426342319986896,0.5081062271022537,0.0,0.4513636654184471,0.035856888492669145
2023-07-01 22:00:00,6.467836856842041,6.104065895080566,7.764767169952393,5.97,11.898333333333333,8.17,10.968333333333334,15.13,10.968333333333334,375.1451666666667,0.0,469.987,1963.5388393793119,0.0,1751.052865848832,2180.741987785278,0.0,1529.554675331667,3714.591705228144,3710.296663116945,705.2033833333332,709.4070170043445,687.0037244458949,-0.004369815288575829,0.5636885744010335,0.0,0.3953665767135387,0.5075448702094533,0.0,0.45262048384440046,0.025654748897594934
2023-07-01 23:00:00,6.505685806274414,6.0,7.785070896148682,6.0075,11.9275,8.185,11.0325,15.14,11.03,374.64025,0.0,469.12525,1972.362869843169,0.0,1770.409519939999,2189.42571901875,0.0,1552.2111340587494,3742.772389783168,3741.6368530774994,713.2916,715.2058112871077,692.6169443639122,-0.0011571767480749173,0.5659331866049966,0.0,0.40122292606269533,0.5098257476266366,0.0,0.45762388397652937,0.02890728138643196
2023-07-02 00:00:00,6.389907360076904,6.299560546875,7.7801737785339355,5.94,11.875,8.14,10.93,15.14,10.9275,374.51625,0.0,468.688,1977.4936407921236,0.0,1715.5576193165844,2173.4563697625,0.0,1519.4220514,3693.051260108708,3692.8784211624998,703.666975,711.2293826604518,690.2169699116059,-0.0001762499929096606,0.5618053531580376,0.0,0.39274744782485077,0.5111519737359123,0.0,0.4434455034809069,0.018910924402592094
2023-07-02 01:00:00,6.552639961242676,6.6046648025512695,7.8445634841918945,6.056666666666667,11.87,8.243333333333334,11.04,15.15,11.04,370.91966666666667,0.0,463.43466666666666,1935.7554544248244,0.0,1722.2588537769816,2149.7082021277774,0.0,1507.332066808888,3658.0143082018058,3657.0402689366656,724.3409333333334,717.7004763310824,694.6519094784767,-0.0010037977636327966,0.5556668136913634,0.0,0.38962237103132524,0.500363288552957,0.0,0.4451776704776751,0.04136687216180816
2023-07-02 02:00:00,6.417301654815674,6.244842529296875,7.780178546905518,5.956666666666667,11.933333333333334,8.153333333333332,10.976666666666667,15.16,10.973333333333333,372.94466666666665,0.0,466.40933333333334,1977.5545754791294,0.0,1732.0758979803138,2177.347929613333,0.0,1529.6640341600003,3709.6304734594432,3707.0119637733333,707.7375999999999,710.9777555678659,689.836065756105,-0.0026824356084604872,0.5628112620811468,0.0,0.39539484430428834,0.5111677244240002,0.0,0.44771522681529036,0.025178754333314974
2023-07-02 03:00:00,6.501043796539307,6.103973388671875,7.80462121963501,6.0025,11.8875,8.205,11.09,15.16,11.1,373.271,0.0,467.7995,1992.1309271985585,0.0,1792.8535227251045,2208.5558551374997,0.0,1575.0271195574996,3784.9844499236633,3783.5829746949994,707.7151,711.9721363610462,690.2292659918041,-0.0014327595455192466,0.5708780352928632,0.0,0.4071205106515108,0.5149354892337371,0.0,0.46342531670202,0.024559716757410678
2023-07-02 04:00:00,6.529441833496094,6.117705345153809,7.9011735916137695,6.08,11.842,8.26,11.066,15.17,11.06,377.4194,0.0,472.7906,1991.271226253526,0.0,1736.8979724822048,2188.5486683292,0.0,1539.5953098400003,3728.169198735731,3728.1439781692006,718.95594,720.9236552651566,700.3047366321232,-2.5506385217255456e-05,0.5657064823659628,0.0,0.39796192773799993,0.5147132696392913,0.0,0.4489616595968167,0.02587126005876021
2023-07-02 05:00:00,6.539858341217041,6.094629287719727,7.832363605499268,6.055,11.8525,8.22,11.04,15.17,11.05,365.96025,0.0,458.2005,1915.313260020457,0.0,1714.6371893573175,2121.6746771887497,0.0,1508.0707236449998,3629.9504493777745,3629.7454008337495,690.455275,692.2010007116196,671.6595779296447,-0.0002139267273522094,0.5484205746604156,0.0,0.3898133025680461,0.4950792927909781,0.0,0.4432075863616506,0.02715352484470893
2023-07-02 06:00:00,6.477595329284668,6.026123046875,7.790251731872559,5.98,11.9,8.19,11.043333333333333,15.17,11.043333333333333,371.82433333333336,0.0,465.904,1974.3698453234585,0.0,1762.6703985098382,2189.545839312222,0.0,1546.0682577066666,3737.0402438332967,3735.614097018889,718.7298666666666,720.0301546896976,696.9893363677722,-0.0014637985654788466,0.5659642358705049,0.0,0.399635086128846,0.5103445202066479,0.0,0.45562343901306335,0.030193916403770022
2023-07-02 07:00:00,6.539875030517578,6.000000953674316,7.820015907287598,6.04,11.93,8.221666666666668,11.101666666666667,15.17,11.096666666666668,373.43916666666667,0.0,467.2885,1981.2305888494946,0.0,1780.7172369690857,2198.331188801389,0.0,1562.4375108124998,3761.94782581858,3760.768699613889,714.7304166666667,715.1633081161203,692.9434839005223,-0.001205938712791621,0.568235114845139,0.0,0.40386628862731666,0.5121179178663361,0.0,0.4602882717628882,0.030464276507047548
2023-07-02 08:00:00,6.491046905517578,6.104706764221191,7.782932281494141,5.993333333333333,11.995,8.18,10.991666666666667,15.17,10.991666666666667,376.3011666666667,0.0,471.6985,1969.6433869389402,0.0,1760.2646933949443,2187.4618870719446,0.0,1542.4391578808336,3729.9080803338848,3729.901044952778,708.9608833333334,712.8769790918145,690.2966208770331,-7.133657132563087e-06,0.5654255659709837,0.0,0.3986970191229182,0.5091228027344948,0.0,0.45500160089822017,0.026181603563742616
2023-07-02 09:00:00,6.442934036254883,6.444059371948242,7.780188083648682,5.951666666666667,11.933333333333334,8.175,11.071666666666667,15.173333333333334,11.071666666666667,381.7576666666667,0.0,477.0941666666667,2055.0839980932733,0.0,1826.3115044277286,2273.1989316266668,0.0,1607.245960863889,3881.3955025210016,3880.4448924905555,728.7348833333333,735.8410049645305,712.5552117000778,-0.0009517095574702594,0.5875872855550099,0.0,0.41544859018892366,0.5312078988014768,0.0,0.4720736951502387,0.021987999478277724
2023-07-02 10:00:00,6.467226505279541,6.409763336181641,7.790013313293457,5.9675,11.915,8.1925,11.13,15.18,11.135,390.10875,0.0,488.41925,2115.48390410657,0.0,1900.0580986525292,2342.2080586406246,0.0,1671.4329469543745,4015.5420027590994,4013.641005594999,737.8374,750.1170525779426,726.534744617727,-0.001860570567727926,0.6054250933493486,0.0,0.4320399480327693,0.5468203541516712,0.0,0.49113606603058635,0.015067855534584779
2023-07-02 11:00:00,6.589194297790527,6.864012718200684,7.823732852935791,6.09,11.845,8.2225,11.0875,15.19,11.0875,388.81425,0.0,486.75825,2034.0932312089735,0.0,1847.618075253199,2259.824386318125,0.0,1621.8760552087501,3881.7113064621726,3881.7004415268752,745.0704000000001,745.8824750543499,722.0012101244718,-1.0669776364657935e-05,0.5841301693897498,0.0,0.419230246648422,0.5257821054124057,0.0,0.4775811190459842,0.03092871953298988
2023-07-02 12:00:00,6.543093681335449,6.0,7.809849739074707,6.043333333333333,11.89,8.21,11.076666666666666,15.19,11.086666666666666,391.37966666666665,0.0,490.1566666666667,2063.56705406863,0.0,1867.9567094937602,2291.0452467444443,0.0,1639.850171588888,3931.5237635623903,3930.8954183333326,771.2293666666667,768.1100403630055,742.4536499898011,-0.0006128841503452165,0.5922002860765747,0.0,0.4238762818489126,0.5334006395090418,0.0,0.4828383460836354,0.03746301332458346
2023-07-02 13:00:00,6.469081401824951,6.10406494140625,7.758825778961182,5.97,11.9075,8.17,11.0975,15.2,11.105,395.27,0.0,494.71575,2127.679447446658,0.0,1925.2361189627622,2357.106673775,0.0,1688.6652146287504,4052.91556640942,4045.7718884037504,750.013025,758.3907072307262,734.4562577214028,-0.006901748081400427,0.6092761583413033,0.0,0.43649422664687115,0.5499727162733368,0.0,0.49764420062624715,0.020512866429235242
2023-07-02 14:00:00,6.5222344398498535,6.104707717895508,7.8421196937561035,6.036,11.946,8.23,11.05,15.2,11.054,390.4444,0.0,489.7938,2055.9987427916667,0.0,1829.5839871758405,2276.7914017208004,0.0,1608.6356548655995,3885.5827299675075,3885.4270565864,740.39666,746.7298472749877,723.25497595257,-0.00015206680856394428,0.5885158843334455,0.0,0.4158078049126579,0.5314443463674275,0.0,0.4729195820755914,0.022955670126196856
2023-07-02 15:00:00,6.505681037902832,6.1050615310668945,7.804618835449219,6.008,11.966,8.204,10.996,15.21,11.0,387.1308,0.0,484.996,2021.6903178962978,0.0,1802.3558578575135,2245.7628045552,0.0,1577.0847730079995,3824.0461757538114,3822.8475775631996,767.8598,759.2422276898178,733.3596823262994,-0.0011817191425800289,0.580495464769871,0.0,0.40765238271460685,0.5225761413126626,0.0,0.46588152554023665,0.04544019868161924
2023-07-02 16:00:00,6.500948429107666,6.166726112365723,7.791172027587891,6.001666666666667,11.926666666666666,8.195,10.991666666666667,15.21,10.995,384.249,0.0,481.27816666666666,2006.8192927702094,0.0,1793.2674426969786,2229.93911913,0.0,1567.2342219333327,3800.086735467188,3797.173341063333,736.9291166666667,738.4591486342749,714.1557851287025,-0.002894268801143518,0.5764052832036602,0.0,0.4051061653613185,0.5187322079174425,0.0,0.4635323087075707,0.030838986259540214
2023-07-02 17:00:00,6.495927333831787,6.0887451171875,7.8274712562561035,6.0,11.946,8.224,11.052,15.22,11.056,385.6158,0.0,483.4514,2043.2672638042698,0.0,1815.2531299030536,2265.6763781207997,0.0,1592.3032662623993,3858.5203937073234,3857.9796443831992,756.33086,756.6971212158621,731.5695148441575,-0.0005350112463293755,0.5856428200999818,0.0,0.41158613132638855,0.5281534530473466,0.0,0.46921527383954653,0.032722927657047145
2023-07-02 18:00:00,6.471508502960205,6.0,7.784770488739014,5.971666666666667,11.948333333333334,8.185,10.991666666666667,15.23,10.996666666666666,389.31733333333335,0.0,486.96133333333336,2046.6193979129694,0.0,1819.0125323209845,2272.9358145066667,0.0,1592.3481395577771,3865.631930233954,3865.2839540644436,745.7490833333334,753.6167626748288,728.1728827325189,-0.00034145034010713005,0.5875192737887835,0.0,0.41159773038947894,0.5290199286357096,0.0,0.4701870220800229,0.023322465039698485
2023-07-02 19:00:00,6.47149658203125,6.073448181152344,7.7490410804748535,5.972,11.941666666666666,8.166,10.98,15.23,10.978,380.8296,0.0,476.8034,1996.8379164456505,0.0,1790.5299016701724,2218.0673625984,0.0,1559.3168600103998,3787.367818115823,3777.3842226088,731.19418,733.221714384557,709.2583578398253,-0.010009347767154786,0.57333661503823,0.0,0.4030596479464419,0.5161521742305298,0.0,0.4628246960659065,0.029917038366201278
2023-07-02 20:00:00,6.50267219543457,6.0,7.781008243560791,6.02,11.986666666666666,8.168333333333333,11.001666666666667,15.23,11.006666666666666,385.04183333333333,0.0,481.4405,2014.6661552953744,0.0,1806.0955085093406,2230.808527210278,0.0,1589.226264090833,3820.7616638047148,3820.034791301111,766.65695,760.6645634315976,735.2040559673281,-0.000721304785384902,0.5766300119446528,0.0,0.41079077315140305,0.520760502312243,0.0,0.4668481682501462,0.04134923006111654
2023-07-02 21:00:00,6.497791767120361,6.0,7.8274617195129395,6.0,11.9475,8.2325,10.965,15.23,10.965,374.3005,0.0,469.1235,1944.6270340238323,0.0,1711.8114886688209,2161.3215056474996,0.0,1490.8263978412497,3656.4385226926534,3652.1479034887493,741.6032749999999,746.3460720788261,720.43910818154,-0.0043741563520089954,0.5586686756914466,0.0,0.38535590711123885,0.5026564566970384,0.0,0.4424771857907878,0.028357041874033893
2023-07-02 22:00:00,6.471515655517578,6.0,7.7703938484191895,5.975,11.9525,8.17,10.94,15.23,10.94,374.4415,0.0,469.34575,1945.9152955244604,0.0,1730.1266881744934,2162.1356812425,0.0,1512.0020270824996,3676.041983698954,3674.137708325,735.2713249999999,736.3237798039183,711.1336440939359,-0.0019405153287443966,0.5588791276766097,0.0,0.39082948460270883,0.5029894526648384,0.0,0.4472113857819147,0.03278134099171948
2023-07-02 23:00:00,6.4647135734558105,6.867830276489258,7.9011688232421875,6.0275,11.905,8.25,10.9925,15.23,10.9925,373.354,0.0,468.26075,1966.0133227758236,0.0,1683.499551345296,2155.85613543,0.0,1493.5305392956247,3649.5128741211192,3649.3866747256247,758.7821,756.0306292548538,732.5207493891878,-0.00012893303970074044,0.5572559607697677,0.0,0.38605488647236147,0.5081844864620735,0.0,0.43515898140080544,0.034735828939490815
2023-07-03 00:00:00,6.467255115509033,6.0,7.758527755737305,5.9675,11.9875,8.1625,10.8825,15.2375,10.89,381.63375,0.0,477.31425,1959.6625158137715,0.0,1738.3318267496345,2181.4738518937497,0.0,1514.0801794256256,3697.994342563406,3695.554031319375,767.98495,771.2699066804498,742.6187332799107,-0.0024428603101345203,0.5638777501211647,0.0,0.3913666553171933,0.5065428996339265,0.0,0.4493322890763395,0.03288889725941171
2023-07-03 01:00:00,6.473482608795166,6.086460113525391,7.8227386474609375,5.975,12.0125,8.23,10.96,15.24,10.9575,373.5185,0.0,467.4025,1948.9521973151823,0.0,1704.0221258522017,2165.4940472675007,0.0,1482.6392907062495,3652.974323167384,3648.1333379737503,761.838475,766.1746632462878,738.2353245515636,-0.00494992754002066,0.5597472141203765,0.0,0.3832396646693333,0.5037744455024122,0.0,0.4404637541944844,0.03080648784238005
2023-07-03 02:00:00,6.496535301208496,6.0,7.7899370193481445,5.996666666666667,12.013333333333334,8.193333333333333,10.953333333333333,15.24,10.956666666666667,376.419,0.0,471.646,1951.076082182466,0.0,1737.0281567511797,2169.9062221299996,0.0,1515.755476806667,3688.104238933646,3685.6616989366667,761.2674666666667,757.5922530223173,730.5560962152915,-0.0024764686200438035,0.5608876940910382,0.0,0.39179969416255256,0.504323437377534,0.0,0.44899531024664097,0.040538126319080055
2023-07-03 03:00:00,6.644853115081787,6.38232421875,7.8399810791015625,6.145,12.0,8.24,10.935,15.25,10.935,370.117,0.0,462.9605,1846.6768706259343,0.0,1666.4295627905635,2061.8366800900003,0.0,1451.0501507425001,3513.1064334164976,3512.8868308325004,755.2511,744.2121887206685,717.6135413409887,-0.00022665866486093478,0.5329533642024453,0.0,0.3750743533338073,0.4773378319916081,0.0,0.43074664946637464,0.05057369286535303
2023-07-03 04:00:00,6.473980903625488,6.253146171569824,7.817712783813477,5.976666666666667,11.933333333333334,8.216666666666667,10.943333333333333,15.25,10.956666666666667,368.48066666666665,0.0,461.1,1915.3097668143594,0.0,1683.293211951134,2128.4303094888887,0.0,1469.350482,3598.6029787654934,3597.780791488889,735.3034,735.1408796329026,709.6284737697734,-0.0008521821139284569,0.5501668026698604,0.0,0.3798047101093391,0.49507838985043023,0.0,0.4351056458115476,0.03492517820944402
2023-07-03 05:00:00,6.438439846038818,6.946046829223633,7.804594993591309,5.94,11.92,8.225,10.96,15.26,10.96,370.96425,0.0,464.81025,1950.7431302731818,0.0,1705.7309180305283,2165.785742205,0.0,1478.4707672512504,3656.4740483037103,3644.2565094562506,757.594175,759.3648179357021,732.106382012768,-0.012569410138943304,0.559822612816967,0.0,0.3821621648748289,0.5042373743823977,0.0,0.440905450934559,0.03356462188559029
2023-07-03 06:00:00,6.500795841217041,6.000061988830566,7.804618835449219,6.005,11.9225,8.2025,10.93,15.2525,10.9325,368.49625,0.0,461.8305,1898.1847780442602,0.0,1680.0127224779756,2110.6636083437497,0.0,1466.307219194999,3578.1975005222357,3576.970827538749,734.0174999999999,732.338809127559,707.0115338142134,-0.0012702817426921698,0.5455743811470907,0.0,0.3790180730465012,0.4906518411984026,0.0,0.43425768926977426,0.036876328072738544
2023-07-03 07:00:00,6.437169075012207,6.0,7.7703962326049805,5.94,11.93,8.173333333333334,10.973333333333333,15.25,10.966666666666667,367.0183333333333,0.0,460.5323333333333,1936.226883483142,0.0,1711.9195795597066,2148.439685722222,0.0,1496.1068295755554,3648.1464630428486,3644.546515297777,744.0756,743.2131519047439,717.1608310065685,-0.0037404330801997787,0.5553389215297702,0.0,0.38672081825304505,0.5004851457810484,0.0,0.4425051256390278,0.03621406446381227
2023-07-03 08:00:00,6.464785099029541,6.135954856872559,7.82215690612793,5.966,11.968,8.23,10.982,15.24,10.996,362.363,0.0,453.9004,1903.6816046954966,0.0,1675.4278597706311,2113.8836957039994,0.0,1460.1331329431998,3579.109464466128,3574.016828647199,737.26426,732.3209057744164,707.0744129445942,-0.005364541159297964,0.546406724663065,0.0,0.37742216582914156,0.49207268712887964,0.0,0.43307257212258154,0.04122488763785954
2023-07-03 09:00:00,6.544757843017578,6.105682373046875,7.8241143226623535,6.048333333333333,11.981666666666667,8.226666666666667,10.961666666666666,15.24,10.965,367.4021666666667,0.0,460.0855,1887.2953168775732,0.0,1680.6233383407484,2099.4119101144443,0.0,1465.2258569491667,3567.918655218322,3564.637767063611,732.3923833333333,728.4465549817518,703.6699035729196,-0.003409181957153784,0.5426659886045556,0.0,0.37873855738340184,0.4878370814169032,0.0,0.43441552416593393,0.03942976950605976
2023-07-03 10:00:00,6.464823246002197,6.1045684814453125,7.7548370361328125,5.965,12.03,8.156666666666666,10.916666666666666,15.24,10.92,374.8305,0.0,469.3731666666667,1940.6826266215407,0.0,1727.8023011951163,2158.5695103774997,0.0,1508.4511435294444,3668.484927816657,3667.020653906944,727.01685,732.6006084127587,707.3736459470781,-0.0014914042466998012,0.557957326848166,0.0,0.3899116353114598,0.501636887487151,0.0,0.44661056716600317,0.02681297807748282
2023-07-03 11:00:00,6.302670001983643,6.990754127502441,7.9005608558654785,5.956666666666667,12.046666666666667,8.176666666666666,10.99,15.236666666666666,10.993333333333334,371.98533333333336,0.0,466.16266666666667,2027.8277476715857,0.0,1676.737881164508,2177.515344755556,0.0,1527.0478940888895,3704.5656288360938,3704.5632388444456,736.1593,739.3245699012922,721.5238851424945,-2.4518616195123855e-06,0.5628545363443938,0.0,0.3947186119598029,0.5241625733894036,0.0,0.4334111926912162,0.01979565599917713
2023-07-03 12:00:00,6.479433536529541,6.088043212890625,7.8198466300964355,5.98,12.016666666666667,8.253333333333334,10.99,15.233333333333333,11.006666666666666,371.64633333333336,0.0,463.877,1949.5781718521275,0.0,1719.2541985550552,2165.4456751899997,0.0,1485.3929117533323,3668.8323704071827,3650.8385869433323,756.7022333333333,748.0346870812516,722.290923758459,-0.018517578414948055,0.5597347106754207,0.0,0.38395143375121676,0.503936250381815,0.0,0.4444010128867721,0.04600229129633466
2023-07-03 13:00:00,6.523991584777832,6.000000953674316,7.839401721954346,6.033333333333333,11.943333333333333,8.233333333333333,10.94,15.24,10.946666666666667,370.1673333333333,0.0,462.9923333333333,1901.1119746639258,0.0,1673.138142104297,2112.3426131911106,0.0,1461.0216936822228,3574.250116768223,3573.3643068733336,741.5092,739.0762377232975,713.5612465849042,-0.0009141818085822706,0.5460083783160004,0.0,0.37765184524057765,0.4914084769209104,0.0,0.4324807149958118,0.0378147097533383
2023-07-03 14:00:00,6.505678653717041,6.000239372253418,7.781406402587891,6.01,11.9275,8.1775,11.075,15.24,11.0825,383.0945,0.0,479.83275,2035.810422362053,0.0,1842.160388326789,2256.6545462274994,0.0,1621.1221433662497,3877.970810688842,3877.7766895937493,775.4848,769.9201386393739,743.6207102026087,-0.00019342777417463708,0.5833108140273217,0.0,0.41903537192500057,0.526225973159473,0.0,0.47617039013797635,0.041386227217932496
2023-07-03 15:00:00,6.448424816131592,6.995849609375,7.9066619873046875,6.0125,11.9475,8.255,11.1375,15.24,11.1375,385.01025,0.0,482.312,2099.6127562459965,0.0,1812.2702703824948,2294.8054688437496,0.0,1616.877427419999,3911.8830266284913,3911.6828962637487,756.263825,764.3314428221506,742.1220339020381,-0.00019840507847490585,0.5931722461921963,0.0,0.41793817753250423,0.5427179042691335,0.0,0.4684442501053312,0.018502171055198254
2023-07-03 16:00:00,6.468456745147705,6.0,7.859068870544434,6.016666666666667,11.84,8.22,11.25,15.22,11.256666666666666,360.57866666666666,0.0,451.45866666666666,2005.1544575489465,0.0,1783.8965911647806,2194.613977511111,0.0,1594.390990408888,3789.051048713727,3789.004967919999,662.3876,672.1305899582374,655.7488742642986,-4.8793754864107086e-05,0.5672742723682661,0.0,0.41212577620619023,0.5183018733809669,0.0,0.4611100863765039,0.009877136727423644
2023-07-03 17:00:00,6.462515354156494,6.106660842895508,7.7801690101623535,5.974,11.872,8.17,11.266,15.2,11.262,357.5346,0.0,448.319,1997.3501111754208,0.0,1815.409258500907,2200.4810190216,0.0,1612.1533307240004,3812.759369676328,3812.6343497456,642.10348,657.4911817354499,641.1801636981705,-0.00013339617868979303,0.5687908131986456,0.0,0.41671707052084694,0.5162845687635177,0.0,0.46925563070305454,0.0014043021830229918
2023-07-03 18:00:00,6.4734063148498535,6.094512939453125,7.780738830566406,5.98,11.975,8.176666666666666,11.336666666666666,15.183333333333334,11.335,345.543,0.0,432.56983333333335,1954.3814599427342,0.0,1788.073146039688,2152.6649332099996,0.0,1588.8902785597231,3742.4546059824224,3741.5552117697225,625.2811833333334,638.1320022433604,623.0609339297173,-0.0009938659133039707,0.5564310836224053,0.0,0.4107039260112501,0.5051778271622855,0.0,0.4621896621706744,0.00347929487286452
2023-07-03 19:00:00,6.486147403717041,6.0,7.7490363121032715,5.99,11.96,8.15,11.316,15.17,11.316,343.5244,0.0,429.744,1929.617286308473,0.0,1782.7408857154053,2127.8375399672004,0.0,1582.3423331520003,3712.358172023878,3710.1798731192007,592.1775,601.0505364220717,589.0462293910723,-0.0024221860327386935,0.5500135807809343,0.0,0.40901138189882913,0.49877666562630163,0.0,0.4608113541281064,0.005209662780716422
2023-07-03 20:00:00,6.5690789222717285,6.117706298828125,7.9005584716796875,6.08,12.014,8.292,11.284,15.16,11.288,343.8146,0.0,429.577,1885.291273183141,0.0,1692.3591854252898,2080.8526004792,0.0,1496.7957607960002,3577.6504586084307,3577.6483612752004,609.8090199999999,617.3551182536635,603.1872463639614,-2.3317837545278053e-06,0.5378686898646058,0.0,0.3868988964758188,0.48731906665886243,0.0,0.43744906181024373,0.010726036668764897
2023-07-03 21:00:00,6.4842424392700195,6.117707252502441,7.9002532958984375,6.04,11.91,8.256,11.152,15.15,11.148,341.8546,0.0,427.0308,1855.7925800130356,0.0,1612.9505965895794,2032.4131117775999,0.0,1436.2736845967995,3468.7431766026148,3468.6867963743994,552.61822,560.678436081903,551.1090403764149,-6.305005944629016e-05,0.5253478201405123,0.0,0.37125486199415814,0.4796941039659409,0.0,0.41692315159861953,0.002691702634635652
2023-07-03 22:00:00,6.271389484405518,6.78076171875,7.9005608558654785,5.948,11.908,8.16,11.196,15.146,11.196,342.034,0.0,427.1378,1958.9388630846504,0.0,1637.0465061072011,2087.5785244159997,0.0,1508.1671896103999,3595.9853691918515,3595.7457140263996,579.9332,593.4859698981682,584.999626759481,-0.00026790679318366983,0.5396072387148138,0.0,0.3898382375501848,0.5063558464302351,0.0,0.4231515770432448,0.008536725409617063
2023-07-03 23:00:00,6.4854607582092285,6.500885009765625,7.9011688232421875,6.05,11.935,8.25,11.205,15.14,11.2125,343.23575,0.0,428.84425,1883.9606696940962,0.0,1651.5127246030477,2057.78927872375,0.0,1477.534618396875,3535.473394297144,3535.323897120625,579.53345,592.2319180214388,581.0078628839161,-0.00016649108098665266,0.5319071726222634,0.0,0.38192018466070643,0.4869751259322502,0.0,0.4268908740928601,0.0024895869997042753
2023-07-04 00:00:00,6.441591739654541,6.968658447265625,7.901178359985352,6.014,11.95,8.244,11.188,15.13,11.188,342.4172,0.0,428.1638,1890.1678742943543,0.0,1636.6876243705815,2060.4482474264,0.0,1465.9780462336005,3526.855498664936,3526.4262936600007,576.53296,588.3688201713277,577.4712439465935,-0.00047892418222961197,0.5325944755153929,0.0,0.3789329868518108,0.4885795937380398,0.0,0.4230588115828525,0.0015947207167101326
2023-07-04 01:00:00,6.284121036529541,6.0,7.901910305023193,5.956666666666667,11.953333333333333,8.163333333333334,11.163333333333334,15.12,11.16,341.50933333333336,0.0,428.0156666666667,1937.9028744770076,0.0,1621.819122410708,2067.9596799644446,0.0,1491.687386932222,3559.7219968877152,3559.6470668966667,575.6489333333334,590.3172320953663,581.7392922576007,-8.372462912387135e-05,0.5345360663696964,0.0,0.3855784596717817,0.5009183639147538,0.0,0.41921553038765164,0.010317094933260253
2023-07-04 02:00:00,6.482630729675293,6.102630615234375,7.804602146148682,5.998,11.96,8.194,11.236,15.11,11.238,342.8044,0.0,428.9002,1895.0804725049115,0.0,1712.6163854664142,2088.2937870936,0.0,1518.3804788343991,3607.6968579713257,3606.674265927999,595.5222200000001,610.2089748697448,596.7905735618335,-0.0011393879063321677,0.5397921232180318,0.0,0.39247821718778897,0.48984942551888533,0.0,0.4426852393482085,0.0020785560587734835
2023-07-04 03:00:00,6.492253303527832,6.0,7.78508996963501,5.9925,11.91,8.185,11.2625,15.1025,11.26,342.7845,0.0,428.46025,1901.698789209342,0.0,1731.5451340527345,2100.9296283449994,0.0,1532.2702575562496,3633.2439232620764,3633.199885901249,600.27875,613.2323482601312,599.2709413994156,-4.9096366044665274e-05,0.5430582956406543,0.0,0.39606851333942916,0.4915601595392101,0.0,0.4475780324276203,0.0016434367877749608
2023-07-04 04:00:00,6.242657661437988,6.119260787963867,7.9010186195373535,5.95,11.87,8.135,11.225,15.1,11.2275,342.2423333333333,0.0,428.06966666666665,1983.110927603551,0.0,1656.0721971478433,2099.5968225916663,0.0,1539.585731565833,3639.1831247513946,3639.182554157499,586.1684666666666,596.5949228689276,588.9058029148199,-6.369139224915443e-07,0.542713785662281,0.0,0.3979594519000783,0.5126039567822657,0.0,0.428069428269921,0.0045882660800897635
2023-07-04 05:00:00,6.28411865234375,6.562475204467773,7.90176248550415,5.95,11.88,8.17,11.13,15.09,11.135,341.486,0.0,426.527,1924.5331418611183,0.0,1603.8503822126663,2057.22776924,0.0,1470.7909214649999,3528.3835240737844,3528.0186907049997,567.058,581.7879444740764,573.3726590096517,-0.00040845692861068983,0.5317620309768138,0.0,0.3801770417620906,0.49746249175721,0.0,0.41457088484831245,0.010853884253926903
2023-07-04 06:00:00,6.511810779571533,6.0,7.780197620391846,6.0125,11.9125,8.195,11.1025,15.08,11.1025,341.298,0.0,427.23825,1822.180316631063,0.0,1650.7792433400666,2020.3715316599996,0.0,1444.6730314106246,3472.9595599711297,3465.0445630706245,557.147325,568.9767011614458,558.2559075382725,-0.008855369298998994,0.5222352551658179,0.0,0.37342596515900034,0.4710058460545049,0.0,0.42670128036292987,0.0019483794960488202
2023-07-04 07:00:00,6.499770641326904,6.135958671569824,7.8239665031433105,6.0,11.873333333333333,8.223333333333333,11.136666666666667,15.08,11.146666666666667,340.85633333333334,0.0,426.78633333333335,1838.139383736189,0.0,1649.2305517438608,2036.256420141111,0.0,1451.0038248988892,3487.36993548005,3487.26024504,564.2970666666666,577.0461893960908,565.1706144777095,-0.0001228655017682101,0.5263412567893895,0.0,0.37506237880913207,0.4751310217220744,0.0,0.4263009671837726,0.0015138264962065758
2023-07-04 08:00:00,6.521543025970459,6.102507591247559,7.8235039710998535,6.0225,11.8675,8.225,11.1725,15.07,11.1775,340.57425,0.0,426.295,1842.187561075998,0.0,1662.8477902938062,2039.8524416624998,0.0,1463.7936534625003,3505.035351369804,3503.646095125,570.313675,584.3160306824362,572.1307845681667,-0.0015576910306007719,0.527270773557655,0.0,0.37836835460555235,0.47617741387959733,0.0,0.42982081585385434,0.0031098061198911696
2023-07-04 09:00:00,6.484254360198975,6.00006103515625,7.90093994140625,6.04,11.91,8.255,11.225,15.07,11.235,340.5995,0.0,427.412,1877.8909764539846,0.0,1657.29509403915,2053.8677779224995,0.0,1481.298864879999,3535.1860704931346,3535.1666428024982,580.5529,592.1584103157779,580.8013828536986,-2.1750725193392384e-05,0.5308935244197016,0.0,0.38289318501822295,0.48540620271770485,0.0,0.4283855284822162,0.0004196222655455081
2023-07-04 10:00:00,6.521852970123291,6.135958671569824,7.81039571762085,6.026666666666666,11.893333333333333,8.206666666666667,11.266666666666667,15.07,11.266666666666667,341.5473333333333,0.0,427.28833333333336,1884.7327550483783,0.0,1717.5466066648971,2081.4304350133334,0.0,1520.6251749000005,3602.2793617132756,3602.0556099133337,585.2771,597.6538032007442,585.0754555530007,-0.00025023802321566535,0.5380180512868233,0.0,0.39305843691679393,0.4871746982315451,0.0,0.4439596264028995,0.00033739339717984404
2023-07-04 11:00:00,6.462288856506348,6.117340087890625,7.9005608558654785,6.03,11.88,8.246666666666666,11.243333333333334,15.07,11.24,341.43766666666664,0.0,426.528,1898.5145436721298,0.0,1656.535680050323,2070.172993017778,0.0,1484.8491782400004,3555.0502237224528,3555.0221712577786,596.5882666666666,611.1259633274007,598.660530256129,-3.140866698458922e-05,0.5351081740682343,0.0,0.383810886923256,0.49073708058834487,0.0,0.42818923153780936,0.0033908943717258304
2023-07-04 12:00:00,6.485992431640625,6.605076789855957,7.7913055419921875,5.986666666666666,11.9,8.196666666666667,11.26,15.07,11.256666666666666,341.25033333333334,0.0,427.6376666666667,1894.6801369067668,0.0,1723.4717336318163,2092.849619295556,0.0,1521.8683753799994,3618.1518705385834,3614.717994675555,606.6236333333334,620.4074332719099,605.9630733589895,-0.0038400934516937824,0.5409697364219391,0.0,0.3933797852973866,0.48974594486694933,0.0,0.4454911814386787,0.0010647196324844177
2023-07-04 13:00:00,6.54962158203125,6.169814109802246,7.839451789855957,6.05,11.91,8.24,11.28,15.08,11.2925,342.84925,0.0,429.48125,1886.1611837459059,0.0,1724.7516338442033,2085.3771346324997,0.0,1524.6831326718752,3610.912817590109,3610.060267304375,620.0317749999999,631.9804069473134,616.5754350219986,-0.000949154920979467,0.5390382129998449,0.0,0.39410735716697476,0.4875439252839212,0.0,0.4458220161408751,0.005469061920284295
2023-07-04 14:00:00,6.492258071899414,6.073455810546875,7.791176795959473,6.002,11.938,8.188,11.266,15.08,11.274,348.2544,0.0,435.782,1933.4603217663712,0.0,1765.1451823282084,2132.0245809407998,0.0,1564.029442075999,3698.6055040945794,3696.054023016799,619.54954,633.1709199281115,618.3811669269123,-0.00279818491679773,0.5510958670718329,0.0,0.4042777786015972,0.4997700317332363,0.0,0.45626313292015624,0.0018452727949355354
2023-07-04 15:00:00,6.473330020904541,6.104701042175293,7.7801666259765625,5.9816666666666665,11.935,8.175,11.265,15.09,11.265,348.5853333333333,0.0,435.62233333333336,1942.5657348187865,0.0,1765.516858714167,2141.8883904222225,0.0,1565.48291063,3708.0825935329535,3707.3713010522224,617.8274,611.0500880884562,597.9770123592489,-0.0007798973042039137,0.5536455115212404,0.0,0.4046534780753225,0.502123642261945,0.0,0.4563592056024419,0.03248569639004385
2023-07-04 16:00:00,6.365314483642578,6.117217063903809,7.8244194984436035,5.93,11.9225,8.1725,11.215,15.1,11.2175,348.817,0.0,436.891,1967.3921514590038,0.0,1724.0385657505678,2143.987993735,0.0,1547.1773894849996,3691.4307172095714,3691.16538322,640.1628499999999,630.4865428753719,617.0038244858804,-0.00029037016897071055,0.5541882269845169,0.0,0.3999217797929536,0.5085408926665298,0.0,0.44563769890417143,0.036731990199983355
2023-07-04 17:00:00,6.322387218475342,6.329258918762207,7.8241143226623535,5.9175,11.9025,8.1475,11.205,15.11,11.21,348.941,0.0,436.96225,1981.454023813469,0.0,1720.663412293626,2145.7647001124997,0.0,1556.322983796875,3702.117436107095,3702.0876839093744,620.237725,629.1230661512936,616.6421959093454,-3.255144348646155e-05,0.554647478510223,0.0,0.40228577656496367,0.5121756723998938,0.0,0.44476527316504927,0.005715144276382077
2023-07-04 18:00:00,6.461068153381348,6.115138053894043,7.9011688232421875,6.006666666666667,11.82,8.263333333333334,11.25,15.12,11.266666666666667,340.46066666666667,0.0,427.1813333333333,1896.205126567743,0.0,1672.0193466263052,2076.1280104644443,0.0,1492.0917116355556,3568.224473194048,3568.2197220999997,631.0606333333333,628.199818691493,613.9780445862239,-5.3217587678844325e-06,0.5366474553375667,0.0,0.3856829714466244,0.4901401314570122,0.0,0.4321915234125947,0.027192922122600324
2023-07-04 19:00:00,6.3270721435546875,6.3805742263793945,7.781408786773682,5.8933333333333335,11.816666666666666,8.13,11.213333333333333,15.13,11.21,346.18,0.0,431.80533333333335,1967.2446201620157,0.0,1721.80285907655,2141.8710487999997,0.0,1546.7439762133333,3689.0474792385658,3688.6150250133333,625.1286,631.0320022048411,617.4304004443106,-0.0004779572132047605,0.5536410289761418,0.0,0.39980974906643924,0.5085027580742926,0.0,0.4450598027959134,0.012199380584172713
2023-07-04 20:00:00,6.47161340713501,6.000000953674316,7.8244171142578125,5.98,11.88,8.2175,11.275,15.13,11.2925,347.096,0.0,434.56075,1938.9957853095086,0.0,1752.7488099724064,2137.44667116,0.0,1554.0870181687503,3691.7445952819153,3691.5336893287504,614.6846,610.9452542571967,597.8416219835749,-0.00023200270112955224,0.5524973947734381,0.0,0.4017078135210149,0.5012008647115332,0.0,0.45305885955809616,0.027568718963048966
2023-07-04 21:00:00,6.3467607498168945,6.5086669921875,7.818938255310059,5.93,11.858,8.152,11.206,15.14,11.2,347.7362,0.0,435.9862,1965.1599346046944,0.0,1714.3739527440737,2133.7051503656,0.0,1545.4943454288,3679.533887348768,3679.1994957944,622.5666799999999,623.6592099771325,611.1557662214735,-0.00036687095106646694,0.5515302686601701,0.0,0.3994867385501073,0.5079638986234897,0.0,0.4431395437082415,0.0182967133267298
2023-07-04 22:00:00,6.240321159362793,6.0,7.9005608558654785,5.93,11.9275,8.1475,11.23,15.14,11.245,349.58525,0.0,439.43675,2028.6419792864585,0.0,1709.22559136687,2154.808522475,0.0,1583.0236524243742,3737.8675706533286,3737.832174899374,618.4841,623.8525851475497,614.6850455843504,-3.857290433550986e-05,0.5569851687840877,0.0,0.409187492549015,0.5243730398548501,0.0,0.4418087707413007,0.006089666863768912
2023-07-04 23:00:00,6.362668037414551,6.96014404296875,7.780178546905518,5.9225,11.9325,8.1325,11.1725,15.14,11.175,334.279,0.0,418.051,1869.9014270563407,0.0,1650.5394893234807,2041.0240042499993,0.0,1479.2431548025002,3520.4409163798214,3520.2671590524997,585.16495,596.1752843152053,584.2401340571043,-0.00019858892866686517,0.5275736046346317,0.0,0.3823618152874351,0.4833410259405849,0.0,0.42663930760293656,0.0015512483781643528
